{"train/loss": 89.1704, "train/grad_norm": 0.7301757335662842, "train/learning_rate": 0.00016666666666666666, "train/epoch": 4.84, "train/global_step": 115, "_timestamp": 1727421917.2498443, "_runtime": 7607.222440242767, "_step": 11, "train/train_runtime": 7608.1695, "train/train_samples_per_second": 1.999, "train/train_steps_per_second": 0.015, "train/total_flos": 1.4923119097675776e+17, "train/train_loss": 1175.8042441326638, "_wandb": {"runtime": 7605}}