{"train/loss": 1506.5471, "train/grad_norm": 2.3259098529815674, "train/learning_rate": 0.00011999999999999999, "train/epoch": 4.9, "train/global_step": 40, "_timestamp": 1727340725.5866146, "_runtime": 1862.5155255794525, "_step": 4, "train/train_runtime": 1863.5489, "train/train_samples_per_second": 2.796, "train/train_steps_per_second": 0.021, "train/total_flos": 5.184672830717952e+16, "train/train_loss": 4014.2728515625, "_wandb": {"runtime": 1861}}