{"train/loss": 10483.9688, "train/grad_norm": 1.033820390701294, "train/learning_rate": 0.0002, "train/epoch": 4.9, "train/global_step": 40, "_timestamp": 1727347480.3350427, "_runtime": 4779.444083690643, "_step": 9, "train/train_runtime": 1865.5535, "train/train_samples_per_second": 2.793, "train/train_steps_per_second": 0.021, "train/total_flos": 5.185180596830208e+16, "train/train_loss": 17054.12890625, "_wandb": {"runtime": 4778}}