{"train/loss": 13346.6094, "train/grad_norm": 0.7472740411758423, "train/learning_rate": 0.0002, "train/epoch": 4.9, "train/global_step": 40, "_timestamp": 1727344590.0873947, "_runtime": 2896.4913127422333, "_step": 4, "train/train_runtime": 2897.4833, "train/train_samples_per_second": 1.798, "train/train_steps_per_second": 0.014, "train/total_flos": 5.180102935707648e+16, "train/train_loss": 12004.26201171875, "_wandb": {"runtime": 2895}}